year_label,mean_fd2wmv,gdp_growth,CPIH,CPI,Unemployment (%),average_weekly_earnings,av_weekly_earnings_change,unemployment_pct_change,mean_fdall_mv,mean_fdbus,mean_fdcar,mean_fdhgv,mean_fdlgv,mean_fdpc,rcat
2011,-0.5760016864769204,-0.06785143231248478,1.5701872791924294,2.0044650031652913,1.41391915987965,0.657173422245961,0.0,0.24951314462072113,-0.4368782373873257,0.2757250605171918,-0.4725707864594999,-0.9062081725309686,0.110024699143735,0.7960514304799916,PR
2005,0.8050893205073586,0.7623307983343879,-1.4246872996533628,-0.18222409119684482,-1.1672353915602216,-1.1309496103767707,1.076297283088719,-0.02079276205172687,0.05620290884318771,-0.8600036965844412,0.5484946233316911,1.0487685451774236,-0.9050446078169156,-1.303125748935068,PR
2015,-0.8172672740472365,0.3472396830109515,-1.1094373439853846,-2.095577048763714,-0.6979345640256992,1.3525546015992456,0.1793828805147865,-1.1020163887415226,1.8081687719320483,-0.5892874179477183,1.0996364887258743,-0.50954183219335,2.0968506410670087,1.004378732814961,PR
2003,1.899652084228783,0.8661035771652469,-1.4246872996533628,-0.8200084103858013,-1.0108017823820474,-1.9256709582090958,0.0,-0.29109866872417606,-1.8365008464447925,2.6638666818693935,-1.4286982587739936,0.3138712134717405,-1.8395697560905384,-0.9432523038967612,PR
2007,0.4933814219480073,0.39912607242638104,0.46681243435450603,-4.0461876337626253e-16,-0.7761513686147866,-0.2120530519456447,1.435063044118292,-0.15594571538795207,1.3994065135141698,0.16253788493049878,1.2979380761006285,1.5017942665990802,0.4139208430825672,-1.1626357805277443,PR
2013,-1.2257929102583522,0.2434669041800925,0.38799994543751143,0.27333613679526686,1.0228351369342148,0.9303588855633228,-1.076297283088719,-0.5614045753966254,-0.9862446245246602,-1.4377921198389267,-1.5308170164379662,-1.2343769611525452,0.5745338874698176,1.4362322058232029,PR
2009,0.2847051316577903,-3.025375628991969,0.15156247868652795,-0.09111204559842241,1.0228351369342148,0.16047257985075775,-1.9732116856626516,2.547113351336538,0.006976252359864669,0.6649533942052964,0.3458879082559252,-0.5814354848446858,-0.24447221803610825,0.7655626219681421,PR
2004,1.5411096193828067,0.39912607242638104,-1.4246872996533628,-0.9111204559842235,-1.1672353915602216,-1.5531453264126935,0.717531522059146,-0.29109866872417606,-0.2273512441807071,-1.1848745411110022,0.37183347025889907,1.1904987003608147,-1.286127645225098,-1.3664656538689843,PR
2010,-1.1078072460388055,0.03592134651837429,0.5456249232715006,0.911120455984223,1.2574855507014764,0.3839879589285992,-0.358765761029573,0.3846660979569476,-0.8959149606525512,0.6082680836524537,-0.8672831036619444,-0.6377944700067788,-0.2784281204998695,1.0614840344111993,PR
2006,0.3914111719428945,0.45101246184181065,0.5456249232715006,-4.0461876337626253e-16,-0.6979345640256992,-0.6839188522210877,1.2556801636035055,0.7901249579656208,0.9895571665516928,-0.2999965437270002,1.594630312678844,1.0935903440698314,-0.4919194678282331,-0.9573184613411151,PR
2014,-0.7198067401357252,0.7623307983343879,-0.24249996589844475,-0.728896364787379,-0.07220012731300314,1.0545340961621237,-1.076297283088719,-1.9129341087588694,0.43158747132387254,-0.31735164948666217,-0.12412901848660297,-1.1292983738634506,1.3057163813454755,0.24551296855099386,PR
2012,-1.2503831544446373,-0.06785143231248478,0.6244374121884952,0.45556022799211127,1.3357023552905631,0.806183674964522,-0.8969144025739325,-0.15594571538795085,-0.9177596492509412,-0.15220265262188037,-1.217626028663076,-1.146621754985017,0.2759958276454007,0.8070494879030919,PR
2008,0.28171026173405334,-1.1055792206210755,1.333749812441446,1.1844565927794901,-0.4632841502584382,0.16047257985075775,0.717531522059146,0.5198190512931716,0.6087504779162124,0.4661575161427518,0.3827033331313001,0.9967539798979258,0.26851953574277315,-0.3834735333819239,PR
2011,0.002652278832268576,-0.06785143231248478,1.5701872791924294,2.0044650031652913,1.41391915987965,0.657173422245961,0.0,0.24951314462072113,1.165739127759611,-0.10854691757259756,1.9838138614085936,-0.6919782447621051,0.2651901656246451,-0.704377736698174,TM
2005,0.43918208725618313,0.7623307983343879,-1.4246872996533628,-0.18222409119684482,-1.1672353915602216,-1.1309496103767707,1.076297283088719,-0.02079276205172687,0.23201171858291075,0.4179477698337698,0.40002428360849995,1.1071472203828367,-0.7786334737486016,-0.704377736698174,TM
2015,-1.5022506237091333,0.3472396830109515,-1.1094373439853846,-2.095577048763714,-0.6979345640256992,1.3525546015992456,0.1793828805147865,-1.1020163887415226,1.8907225604574767,-1.991806663432587,0.7312302706761866,-0.11639850727229885,2.093536167034255,-0.704377736698174,TM
2003,1.2096048984174315,0.8661035771652469,-1.4246872996533628,-0.8200084103858013,-1.0108017823820474,-1.9256709582090958,0.0,-0.29109866872417606,-1.4293714031459626,1.006996424933829,-0.71941935260124,0.7731609434898038,-1.849636726369281,-0.36556996230391786,TM
2007,0.7122478206003371,0.39912607242638104,0.46681243435450603,-4.0461876337626253e-16,-0.7761513686147866,-0.2120530519456447,1.435063044118292,-0.15594571538795207,1.007619902444224,0.7912216969309745,0.4457796798382451,0.9878743777692264,0.24840049075246698,1.0420584401629438,TM
2013,-1.145170951033976,0.2434669041800925,0.38799994543751143,0.27333613679526686,1.0228351369342148,0.9303588855633228,-1.076297283088719,-0.5614045753966254,-1.2689597452103838,-0.7683372864128382,-1.587874473294284,-1.5546622511849841,0.7664457250809483,-0.6005134849685263,TM
2009,0.8941600850270869,-3.025375628991969,0.15156247868652795,-0.09111204559842241,1.0228351369342148,0.16047257985075775,-1.9732116856626516,2.547113351336538,0.43779766255582636,0.01741459455157709,1.4600206460543212,-0.6536009581326778,-0.3070416306142648,1.3172305405634224,TM
2004,-0.10183591445112739,0.39912607242638104,-1.4246872996533628,-0.9111204559842235,-1.1672353915602216,-1.5531453264126935,0.717531522059146,-0.29109866872417606,0.07768145982477828,-0.0899657587288164,0.3625606426626663,1.5110624403035164,-1.157204944105317,-0.6408256272901055,TM
2010,0.47235807675580643,0.03592134651837429,0.5456249232715006,0.911120455984223,1.2574855507014764,0.3839879589285992,-0.358765761029573,0.3846660979569476,-0.596133763407068,0.1746886275135912,-0.3289496526541651,-0.08594495206343454,-0.47463854290681323,-0.704377736698174,TM
2006,0.8213874672174147,0.45101246184181065,0.5456249232715006,-4.0461876337626253e-16,-0.6979345640256992,-0.6839188522210877,1.2556801636035055,0.7901249579656208,0.1060102685187705,1.8971988264837414,-0.27020943037542045,0.8258086967972199,-0.27977637519341997,2.099759223332353,TM
2014,-1.5908042389104977,0.7623307983343879,-0.24249996589844475,-0.728896364787379,-0.07220012731300314,1.0545340961621237,-1.076297283088719,-1.9129341087588694,0.16465058037524277,-1.2797861309897427,-0.5438824741439164,-0.9742472485011676,1.4302697587997035,-0.704377736698174,TM
2012,-1.3320963022113141,-0.06785143231248478,0.6244374121884952,0.45556022799211127,1.3357023552905631,0.806183674964522,-0.8969144025739325,-0.15594571538795085,-1.6535713600315436,-0.851269384974437,-1.4781965315788903,-1.6378295615553684,0.22970111413014682,-0.704377736698174,TM
2008,1.120565316209497,-1.1055792206210755,1.333749812441446,1.1844565927794901,-0.4632841502584382,0.16047257985075775,0.717531522059146,0.5198190512931716,-0.13419700872374124,0.7842442018635236,-0.45489746960086597,0.5096080447293989,-0.18661172848446675,1.3741272906928745,TM
2011,-0.7860755700251529,-0.06785143231248478,1.5701872791924294,2.0044650031652913,1.41391915987965,0.657173422245961,0.0,0.24951314462072113,-0.6555333057717441,-0.013711695257154268,-0.5166383479721818,-0.7628563605222198,-0.1325449022281072,0.899631962944538,PU
2005,0.6814795649718268,0.7623307983343879,-1.4246872996533628,-0.18222409119684482,-1.1672353915602216,-1.1309496103767707,1.076297283088719,-0.02079276205172687,0.9757596776499596,-0.9009257425181957,1.0204544857055888,1.5330625821686152,-0.8088885451073744,-1.3138459311439732,PU
2015,-1.0939269903217488,0.3472396830109515,-1.1094373439853846,-2.095577048763714,-0.6979345640256992,1.3525546015992456,0.1793828805147865,-1.1020163887415226,-0.7066612695410568,0.8110943849697908,-1.0021483620719331,-1.0517904287813697,1.8590792651996333,1.1982351489701677,PU
2003,1.90978376161939,0.8661035771652469,-1.4246872996533628,-0.8200084103858013,-1.0108017823820474,-1.9256709582090958,0.0,-0.29109866872417606,1.2062342222874516,1.3485416541651114,1.379865970535913,0.9027249361033033,-1.596117097603117,-1.3971701887128374,PU
2007,0.8844344086642315,0.39912607242638104,0.46681243435450603,-4.0461876337626253e-16,-0.7761513686147866,-0.2120530519456447,1.435063044118292,-0.15594571538795207,0.668643556211706,-0.7123719309683376,0.2988833163948644,0.6374498913918674,1.1868500954875245,-0.9500333527874163,PU
2013,-1.2120636486508432,0.2434669041800925,0.38799994543751143,0.27333613679526686,1.0228351369342148,0.9303588855633228,-1.076297283088719,-0.5614045753966254,-1.5022646983209793,0.9044453533073519,-1.3696893359283637,-1.0056374673503017,-0.12108964452337806,0.27803012773581526,PU
2009,-0.03796251116092918,-3.025375628991969,0.15156247868652795,-0.09111204559842241,1.0228351369342148,0.16047257985075775,-1.9732116856626516,2.547113351336538,-0.06725132281571103,-1.3316386970492202,0.09316996277961925,-0.6965485989741665,-0.26790950920532386,0.2540043991777493,PU
2004,0.8698583788217055,0.39912607242638104,-1.4246872996533628,-0.9111204559842235,-1.1672353915602216,-1.5531453264126935,0.717531522059146,-0.29109866872417606,1.486272034261402,-0.6515100556329783,1.676301851508437,1.5719799948841644,-1.4015215403087085,-1.9074346817511771,PU
2010,-0.48721603981603323,0.03592134651837429,0.5456249232715006,0.911120455984223,1.2574855507014764,0.3839879589285992,-0.358765761029573,0.3846660979569476,-0.37010584441788846,0.5316205760132514,-0.15608697051910606,-0.7942321131303103,-0.5094307437959226,0.653242142227316,PU
2006,1.1379190971942084,0.45101246184181065,0.5456249232715006,-4.0461876337626253e-16,-0.6979345640256992,-0.6839188522210877,1.2556801636035055,0.7901249579656208,1.378230367130822,0.6732130193095827,1.1515817760298677,1.1252466505230068,0.34230253255792303,0.8541434385844522,PU
2014,-1.0194113010915846,0.7623307983343879,-0.24249996589844475,-0.728896364787379,-0.07220012731300314,1.0545340961621237,-1.076297283088719,-1.9129341087588694,-0.9183627160199814,-0.017490102866487917,-1.1166355131469612,-0.8945887199946675,1.365822859233718,0.9539577076482957,PU
2012,-1.1765075709776986,-0.06785143231248478,0.6244374121884952,0.45556022799211127,1.3357023552905631,0.806183674964522,-0.8969144025739325,-0.15594571538795085,-1.3594632548665813,1.2990471922408147,-1.1403654135241053,-0.9591121781984906,-0.514786570403765,0.5655213654135789,PU
2008,0.3296884207726113,-1.1055792206210755,1.333749812441446,1.1844565927794901,-0.4632841502584382,0.16047257985075775,0.717531522059146,0.5198190512931716,-0.13549744578736753,-1.9403139557136246,-0.31869341979161825,0.3943018118805985,0.5982338006969021,-0.08828213830649728,PU
2011,-0.32827590292662956,-0.06785143231248478,1.5701872791924294,2.0044650031652913,1.41391915987965,0.657173422245961,0.0,0.24951314462072113,0.704032176236493,-0.09655098200272656,1.1944794615053562,-0.6632315218038661,0.40223486266871883,0.31724559392259527,TR
2005,0.41990810932135164,0.7623307983343879,-1.4246872996533628,-0.18222409119684482,-1.1672353915602216,-1.1309496103767707,1.076297283088719,-0.02079276205172687,-1.0016547035205623,-0.6055436415708354,-0.8746017614233316,0.7612298939908202,-1.1183142203130079,-1.135637663603432,TR
2015,-0.6474727294155964,0.3472396830109515,-1.1094373439853846,-2.095577048763714,-0.6979345640256992,1.3525546015992456,0.1793828805147865,-1.1020163887415226,2.506378806027699,-1.498710653864801,2.461830307253222,-0.08320680530348513,2.027123402090212,0.7778901116172688,TR
2003,2.242811845460201,0.8661035771652469,-1.4246872996533628,-0.8200084103858013,-1.0108017823820474,-1.9256709582090958,0.0,-0.29109866872417606,-1.9117007938129287,2.6636836482456068,-1.6044033509743627,0.050031492425065396,-1.8345245974160127,1.9265434960700427,TR
2007,0.29956130662147773,0.39912607242638104,0.46681243435450603,-4.0461876337626253e-16,-0.7761513686147866,-0.2120530519456447,1.435063044118292,-0.15594571538795207,0.21059622504954267,0.9105783350930897,-0.43102533608086446,1.7041672605863039,0.06388813158802406,-1.6982141301219802,TR
2013,-1.4661472233393125,0.2434669041800925,0.38799994543751143,0.27333613679526686,1.0228351369342148,0.9303588855633228,-1.076297283088719,-0.5614045753966254,-0.0398230833140313,-0.9545957982035425,-0.27609464631795794,-1.3933084300005152,0.6685932220837614,0.8185008482909332,TR
2009,0.500979977137776,-3.025375628991969,0.15156247868652795,-0.09111204559842241,1.0228351369342148,0.16047257985075775,-1.9732116856626516,2.547113351336538,-0.08776727756110927,0.26941416047599864,0.1933415567729765,-0.7383231752333344,-0.060728621405870556,0.3597370084400248,TR
2004,1.414382864153687,0.39912607242638104,-1.4246872996533628,-0.9111204559842235,-1.1672353915602216,-1.5531453264126935,0.717531522059146,-0.29109866872417606,-0.8688712541519893,-0.7290128919592603,-0.5985547159499922,0.9907344422706535,-1.2350599371962598,0.033561694242601164,TR
2010,-0.6548362782646978,0.03592134651837429,0.5456249232715006,0.911120455984223,1.2574855507014764,0.3839879589285992,-0.358765761029573,0.3846660979569476,-0.1566094275933668,0.19970741643853007,-0.16276763092185786,-0.359738905536184,0.02405207938321289,0.30642926532160086,TR
2006,0.24999250475481352,0.45101246184181065,0.5456249232715006,-4.0461876337626253e-16,-0.6979345640256992,-0.6839188522210877,1.2556801636035055,0.7901249579656208,-0.29580456040446,0.5898663255971447,-0.0685000027461595,0.9429494168106763,-0.7209176407254194,-1.3219001542277697,TR
2014,-0.7684463716388721,0.7623307983343879,-0.24249996589844475,-0.728896364787379,-0.07220012731300314,1.0545340961621237,-1.076297283088719,-1.9129341087588694,0.7259175422610173,-0.6083066700496028,0.4771119723704609,-1.1711609620507697,1.1611311513761253,0.17775723153341036,TR
2012,-1.3009248257597932,-0.06785143231248478,0.6244374121884952,0.45556022799211127,1.3357023552905631,0.806183674964522,-0.8969144025739325,-0.15594571538795085,0.3241634116668764,-0.36220999691064715,0.622019744289951,-1.2865757539117837,0.4989014414043409,0.6072431196443956,TR
2008,0.0384667238956096,-1.1055792206210755,1.333749812441446,1.1844565927794901,-0.4632841502584382,0.16047257985075775,0.717531522059146,0.5198190512931716,-0.10885706088329727,0.2216807487111293,-0.9328355977772713,1.2464330477564094,0.12362072646214531,-1.1691564211296817,TR
2011,-0.6887590934356258,-0.06785143231248478,1.5701872791924294,2.0044650031652913,1.41391915987965,0.657173422245961,0.0,0.24951314462072113,0.5440233904939906,-0.1372901313863531,0.5153458722836485,0.3858924285672386,0.554699949380642,-0.2291263208725211,TU
2005,0.9774169415393641,0.7623307983343879,-1.4246872996533628,-0.18222409119684482,-1.1672353915602216,-1.1309496103767707,1.076297283088719,-0.02079276205172687,-0.683763057928056,-0.6490620271273595,-0.690412349653164,1.2196081196582613,-0.9305155119866617,-1.3409760610495995,TU
2015,0.017745068358591114,0.3472396830109515,-1.1094373439853846,-2.095577048763714,-0.6979345640256992,1.3525546015992456,0.1793828805147865,-1.1020163887415226,1.624511687561431,0.950310367789328,1.5218368536205196,0.9618340146085385,1.6276340782468632,0.287296336881861,TU
2003,2.4697594438453607,0.8661035771652469,-1.4246872996533628,-0.8200084103858013,-1.0108017823820474,-1.9256709582090958,0.0,-0.29109866872417606,-2.347940526408411,-0.1095936603543288,-2.4057799323789237,-1.5332080095466074,-1.9821315308101772,2.3084092591772607,TU
2007,0.697490142868073,0.39912607242638104,0.46681243435450603,-4.0461876337626253e-16,-0.7761513686147866,-0.2120530519456447,1.435063044118292,-0.15594571538795207,-0.07639035872021306,-1.0070771117866493,-0.2346424864752784,0.9337449778821385,0.0912588238689418,-1.6675842826592056,TU
2013,-1.309721224486295,0.2434669041800925,0.38799994543751143,0.27333613679526686,1.0228351369342148,0.9303588855633228,-1.076297283088719,-0.5614045753966254,0.3965896487946536,1.4815273500335844,0.49085182980948133,-1.7364548332295038,0.5403062727592686,0.25544311503742445,TU
2009,-0.36509414758108,-3.025375628991969,0.15156247868652795,-0.09111204559842241,1.0228351369342148,0.16047257985075775,-1.9732116856626516,2.547113351336538,0.7000367276060973,-0.8265629906911068,0.8064474609828315,0.39826416644605417,0.41968210218345675,-0.36236109844264275,TU
2004,0.7257111702115719,0.39912607242638104,-1.4246872996533628,-0.9111204559842235,-1.1672353915602216,-1.5531453264126935,0.717531522059146,-0.29109866872417606,-1.430014805425102,-0.47253426574633334,-1.3220553633889227,-0.17381027977877822,-1.64353285906621,0.923035519937735,TU
2010,-0.5576760137713453,0.03592134651837429,0.5456249232715006,0.911120455984223,1.2574855507014764,0.3839879589285992,-0.358765761029573,0.3846660979569476,0.40303956298217086,0.13896140694036183,0.49285652323760043,-0.40216128298447174,0.30010854053153185,-0.7629005396794813,TU
2006,0.3270373201114922,0.45101246184181065,0.5456249232715006,-4.0461876337626253e-16,-0.6979345640256992,-0.6839188522210877,1.2556801636035055,0.7901249579656208,-0.552778044812443,-0.864950828959973,-0.5595514862545831,0.9302673307454618,-0.7131323360558046,0.6827843668741117,TU
2014,-0.6189979148513991,0.7623307983343879,-0.24249996589844475,-0.728896364787379,-0.07220012731300314,1.0545340961621237,-1.076297283088719,-1.9129341087588694,0.859310137356687,1.7377195490268902,0.7821758209782662,-0.6766922315049393,1.1369174509076094,0.32918754074553536,TU
2012,-1.2872607253383823,-0.06785143231248478,0.6244374121884952,0.45556022799211127,1.3357023552905631,0.806183674964522,-0.8969144025739325,-0.15594571538795085,0.3851689023469532,1.241788337216025,0.5362394247131078,-1.2670955970258817,0.3133235058502844,0.3639282618083851,TU
2008,-0.3876509674703334,-1.1055792206210755,1.333749812441446,1.1844565927794901,-0.4632841502584382,0.16047257985075775,0.717531522059146,0.5198190512931716,0.17820673615224894,-1.4832359949540794,0.06668783252539556,0.9598111961624515,0.28538151419025765,-0.7871360977588693,TU
2011,-0.5352458039024642,-0.06785143231248478,1.5701872791924294,2.0044650031652913,1.41391915987965,0.657173422245961,0.0,0.24951314462072113,0.33659331284064337,0.19533877019041068,0.7141303559945952,-0.6235211627316348,-0.5687629176215658,-0.2886751345948129,PM
2005,-0.646411719051136,0.7623307983343879,-1.4246872996533628,-0.18222409119684482,-1.1672353915602216,-1.1309496103767707,1.076297283088719,-0.02079276205172687,-0.611945576891909,-1.2823698637276868,-0.82692224325858,1.3361961696943692,-0.06012151990061577,-0.2886751345948129,PM
2015,-1.2374539907049458,0.3472396830109515,-1.1094373439853846,-2.095577048763714,-0.6979345640256992,1.3525546015992456,0.1793828805147865,-1.1020163887415226,1.5882061796865974,-1.1116185403151702,1.2621647398784102,-0.24054413049798562,2.2742261734339504,-0.2886751345948129,PM
2003,1.4951822369685392,0.8661035771652469,-1.4246872996533628,-0.8200084103858013,-1.0108017823820474,-1.9256709582090958,0.0,-0.29109866872417606,-1.9736736959294257,0.18458856748821698,-1.934145652758724,0.431081124454741,-1.6897951874714323,-0.2886751345948129,PM
2007,0.3069861687391959,0.39912607242638104,0.46681243435450603,-4.0461876337626253e-16,-0.7761513686147866,-0.2120530519456447,1.435063044118292,-0.15594571538795207,0.19669069947466744,0.886817641893085,-0.051895383184236865,0.4031492962211151,0.48509809705468837,-0.2886751345948129,PM
2013,1.0542439726829704,0.2434669041800925,0.38799994543751143,0.27333613679526686,1.0228351369342148,0.9303588855633228,-1.076297283088719,-0.5614045753966254,0.37610367861794824,-0.5064557617502219,0.5620353335420277,-1.4956192439598694,0.33042989321701993,3.4641016151377544,PM
2009,0.40091570863380616,-3.025375628991969,0.15156247868652795,-0.09111204559842241,1.0228351369342148,0.16047257985075775,-1.9732116856626516,2.547113351336538,0.8135123877144046,0.819067798149805,1.0639921834917987,-0.07410383613169731,-0.2443906736628254,-0.2886751345948129,PM
2004,-1.3685627179110351,0.39912607242638104,-1.4246872996533628,-0.9111204559842235,-1.1672353915602216,-1.5531453264126935,0.717531522059146,-0.29109866872417606,-1.1543212702686947,-1.689904817748283,-1.2454773162377422,1.307305508496881,-0.6478522806007769,-0.2886751345948129,PM
2010,-0.07874301687064181,0.03592134651837429,0.5456249232715006,0.911120455984223,1.2574855507014764,0.3839879589285992,-0.358765761029573,0.3846660979569476,0.09444931355499525,1.2969039170295058,0.39886863659461724,0.14961546889711722,-1.0201620543193894,-0.2886751345948129,PM
2006,0.48413780329483186,0.45101246184181065,0.5456249232715006,-4.0461876337626253e-16,-0.6979345640256992,-0.6839188522210877,1.2556801636035055,0.7901249579656208,-0.27506112359922846,0.09655468920868718,-0.47203964479752886,1.257232086044393,-0.13786579861461368,-0.2886751345948129,PM
2014,-0.5159636972419916,0.7623307983343879,-0.24249996589844475,-0.728896364787379,-0.07220012731300314,1.0545340961621237,-1.076297283088719,-1.9129341087588694,1.2136671505243433,-0.4906720259725939,1.2380871594518443,-1.3260733723987792,1.3291157332557584,-0.2886751345948129,PM
2012,-1.1923608473635063,-0.06785143231248478,0.6244374121884952,0.45556022799211127,1.3357023552905631,0.806183674964522,-0.8969144025739325,-0.15594571538795085,-1.346124615000543,-0.2628840210000156,-1.1619860428111992,-1.6746045002331396,-0.7299086743408493,-0.2886751345948129,PM
2008,1.833275902726405,-1.1055792206210755,1.333749812441446,1.1844565927794901,-0.4632841502584382,0.16047257985075775,0.717531522059146,0.5198190512931716,0.7419035592762326,1.864633646554268,0.4531878740947113,0.5498865921445096,0.6799892095706402,-0.2886751345948129,PM
2011,-0.8440113122924516,-0.06785143231248478,1.5701872791924294,2.0044650031652913,1.41391915987965,0.657173422245961,0.0,0.24951314462072113,-0.6690807397079551,-0.6777731168668988,-0.6626427314760477,-0.7838082274250088,0.03481431761313027,0.2759770091919151,BR
2005,0.2045830020316968,0.7623307983343879,-1.4246872996533628,-0.18222409119684482,-1.1672353915602216,-1.1309496103767707,1.076297283088719,-0.02079276205172687,-0.19934601980069253,-0.035974669560523455,-0.07350416240825025,1.088528399323852,-1.06384676688792,-1.1239749920685567,BR
2015,0.5366003530064204,0.3472396830109515,-1.1094373439853846,-2.095577048763714,-0.6979345640256992,1.3525546015992456,0.1793828805147865,-1.1020163887415226,0.8068393194869123,-1.7222108793870505,0.5504032332473536,-1.1453296505428923,2.0051570305473247,1.7177163594188503,BR
2003,1.0926943161860283,0.8661035771652469,-1.4246872996533628,-0.8200084103858013,-1.0108017823820474,-1.9256709582090958,0.0,-0.29109866872417606,-0.4665362980439617,1.216094842830729,-0.3173788892951081,1.437119826042289,-1.7106401981732853,-1.044568618115795,BR
2007,0.4715233343064695,0.39912607242638104,0.46681243435450603,-4.0461876337626253e-16,-0.7761513686147866,-0.2120530519456447,1.435063044118292,-0.15594571538795207,2.2586538682907658,1.7150033851207094,2.246323682564316,1.0193219775476683,0.9492275033056522,-0.6535214998127767,BR
2013,-0.200439352996827,0.2434669041800925,0.38799994543751143,0.27333613679526686,1.0228351369342148,0.9303588855633228,-1.076297283088719,-0.5614045753966254,-0.9171109056062667,-0.9331267461875242,-1.0141910677420036,-0.9577533524248274,0.20903492355697273,0.982998983380239,BR
2009,0.09093672041027398,-3.025375628991969,0.15156247868652795,-0.09111204559842241,1.0228351369342148,0.16047257985075775,-1.9732116856626516,2.547113351336538,-0.6285555990120425,0.263788324094026,-0.6502374597634353,-0.41677823270869613,-0.21928724569091854,-0.24336512573556196,BR
2004,-0.9645861701906736,0.39912607242638104,-1.4246872996533628,-0.9111204559842235,-1.1672353915602216,-1.5531453264126935,0.717531522059146,-0.29109866872417606,-0.022753037523960355,1.258281520340678,0.30095436048603985,1.0929653533107755,-1.5364843642067554,-1.1630956570375943,BR
2010,-1.0768351563587388,0.03592134651837429,0.5456249232715006,0.911120455984223,1.2574855507014764,0.3839879589285992,-0.358765761029573,0.3846660979569476,-0.5006068849975643,0.0808580209597637,-0.5680660296462288,-0.548501309138497,0.22823295516425537,-0.12153193912747465,BR
2006,-0.02464178529505288,0.45101246184181065,0.5456249232715006,-4.0461876337626253e-16,-0.6979345640256992,-0.6839188522210877,1.2556801636035055,0.7901249579656208,0.4792998198125815,0.24926710162132426,0.4870206506878533,1.2172040177107288,-0.2768127522500592,-0.9026993130155729,BR
2014,0.8894059036965254,0.7623307983343879,-0.24249996589844475,-0.728896364787379,-0.07220012731300314,1.0545340961621237,-1.076297283088719,-1.9129341087588694,0.12282117320184154,-1.0599781510332567,-0.023679742956898977,-1.1214596038098308,1.0648899056089993,1.786589356145542,BR
2012,-2.0364718929089136,-0.06785143231248478,0.6244374121884952,0.45556022799211127,1.3357023552905631,0.806183674964522,-0.8969144025739325,-0.15594571538795085,-1.6770578253484048,-1.0061650380084586,-1.713196151675858,-1.172338792342991,-0.1984640607181453,0.8244435417604872,BR
2008,1.8612420404052554,-1.1055792206210755,1.333749812441446,1.1844565927794901,-0.4632841502584382,0.16047257985075775,0.717531522059146,0.5198190512931716,1.4134331292486855,0.651935406076449,1.4381943079783144,0.29082959445741313,0.5141787521307265,-0.3349681049836997,BR
2011,-0.8309081261841388,-0.06785143231248478,1.5701872791924294,2.0044650031652913,1.41391915987965,0.657173422245961,0.0,0.24951314462072113,-0.8677145653711044,-0.9074983323877736,-0.8693692809146779,-0.5402203286608858,-0.8881047042904407,-0.16745267890103707,UR
2005,1.248144662679576,0.7623307983343879,-1.4246872996533628,-0.18222409119684482,-1.1672353915602216,-1.1309496103767707,1.076297283088719,-0.02079276205172687,1.0908749468412313,0.9135584888270404,1.0950164041043884,1.2847142087113246,1.011770027931853,0.7983489090611431,UR
2015,-1.1643850513571146,0.3472396830109515,-1.1094373439853846,-2.095577048763714,-0.6979345640256992,1.3525546015992456,0.1793828805147865,-1.1020163887415226,-1.1848390807580336,-1.2480858867231375,-1.1797523641154795,-1.425115981920572,-1.1605254493081767,-0.8245049712685879,UR
2003,1.284631189898828,0.8661035771652469,-1.4246872996533628,-0.8200084103858013,-1.0108017823820474,-1.9256709582090958,0.0,-0.29109866872417606,1.0633478455474588,1.3741222704230722,1.0815623855074277,1.2574616691355753,0.7854021796685077,0.7929789718875437,UR
2007,1.1811348681278369,0.39912607242638104,0.46681243435450603,-4.0461876337626253e-16,-0.7761513686147866,-0.2120530519456447,1.435063044118292,-0.15594571538795207,1.1918966714143706,1.2519014806299462,1.1655008218227325,1.1234834800566063,1.3994560038219963,0.8158346727849186,UR
2013,-0.8760148394896853,0.2434669041800925,0.38799994543751143,0.27333613679526686,1.0228351369342148,0.9303588855633228,-1.076297283088719,-0.5614045753966254,-0.9582932355697676,-0.8223238089694112,-0.9590214275637086,-0.978419212027625,-0.9592495349665686,-0.8945777691962189,UR
2009,0.6507729185259642,-3.025375628991969,0.15156247868652795,-0.09111204559842241,1.0228351369342148,0.16047257985075775,-1.9732116856626516,2.547113351336538,0.8395110189968453,0.8038799500509758,0.8254542846722212,0.14832585610190469,1.0820979034055604,1.8627167482388822,UR
2004,0.8723582692688581,0.39912607242638104,-1.4246872996533628,-0.9111204559842235,-1.1672353915602216,-1.5531453264126935,0.717531522059146,-0.29109866872417606,1.0905596403904723,1.0338434426658496,1.1130451712066385,1.041961049961355,0.91643606448064,0.6392115108445626,UR
2010,-0.9925216219955257,0.03592134651837429,0.5456249232715006,0.911120455984223,1.2574855507014764,0.3839879589285992,-0.358765761029573,0.3846660979569476,-0.7898349174211515,-0.7518862793269089,-0.799176918127857,-0.13671455071552027,-0.7836311310242373,-1.4741781822100133,UR
2006,0.9459721865967256,0.45101246184181065,0.5456249232715006,-4.0461876337626253e-16,-0.6979345640256992,-0.6839188522210877,1.2556801636035055,0.7901249579656208,1.0566546304891868,0.9133629605405589,1.0577192557109751,0.9934752794972368,1.070575722135717,1.0660713206207597,UR
2014,-1.1411628392259308,0.7623307983343879,-0.24249996589844475,-0.728896364787379,-0.07220012731300314,1.0545340961621237,-1.076297283088719,-1.9129341087588694,-1.2095908042595032,-1.1995526851203886,-1.2022709444300834,-1.3041934048459258,-1.2423006591178496,-0.6220551029537154,UR
2012,-1.1001752581685067,-0.06785143231248478,0.6244374121884952,0.45556022799211127,1.3357023552905631,0.806183674964522,-0.8969144025739325,-0.15594571538795085,-0.9864027076883934,-0.9741812409954368,-0.9802206317860415,-1.1440468489756885,-0.9848435599731122,-0.9832319244429266,UR
2008,-0.07784635867688865,-1.1055792206210755,1.333749812441446,1.1844565927794901,-0.4632841502584382,0.16047257985075775,0.717531522059146,0.5198190512931716,-0.33616944261161263,-0.3871403596143884,-0.3484867560865381,-0.32071121631778415,-0.24708286276389296,-1.0091615044653242,UR
2011,-0.8890733801023958,-0.06785143231248478,1.5701872791924294,2.0044650031652913,1.41391915987965,0.657173422245961,0.0,0.24951314462072113,-1.0007263252116745,-0.9732299926298253,-1.001938412579738,-0.8794523563326749,-1.0171106854329082,-0.8765815501729223,UU
2005,1.0237763218217022,0.7623307983343879,-1.4246872996533628,-0.18222409119684482,-1.1672353915602216,-1.1309496103767707,1.076297283088719,-0.02079276205172687,1.092563978437779,1.0860742427389034,1.0936554609558164,1.1580388980184892,1.0687856654073322,0.5934222665017747,UU
2015,-1.083262456461979,0.3472396830109515,-1.1094373439853846,-2.095577048763714,-0.6979345640256992,1.3525546015992456,0.1793828805147865,-1.1020163887415226,-1.0241970206243602,-1.08460700074415,-1.0239000157443519,-1.042118906633711,-0.9947359946283596,-0.8364025425572016,UU
2003,1.108465917386813,0.8661035771652469,-1.4246872996533628,-0.8200084103858013,-1.0108017823820474,-1.9256709582090958,0.0,-0.29109866872417606,1.1259311905519986,1.055471454164287,1.1530629040656575,1.425002896059005,0.8251818386873998,2.1552874975918126,UU
2007,1.301189487628199,0.39912607242638104,0.46681243435450603,-4.0461876337626253e-16,-0.7761513686147866,-0.2120530519456447,1.435063044118292,-0.15594571538795207,1.0758931161713594,1.2287956267632765,1.0541719201645616,0.8919894654289577,1.2437827734416755,0.21702565164631743,UU
2013,-1.0725587749915795,0.2434669041800925,0.38799994543751143,0.27333613679526686,1.0228351369342148,0.9303588855633228,-1.076297283088719,-0.5614045753966254,-1.023857787109106,-1.008357635763943,-1.0218064638584359,-1.0553250532442104,-1.0240446653585835,-0.8281877290480949,UU
2009,1.239010664067266,-3.025375628991969,0.15156247868652795,-0.09111204559842241,1.0228351369342148,0.16047257985075775,-1.9732116856626516,2.547113351336538,0.9163340191929572,0.8548152976371487,0.9095215694623032,0.47867189627708323,1.017556011606511,0.9812194378984216,UU
2004,0.7782531094290279,0.39912607242638104,-1.4246872996533628,-0.9111204559842235,-1.1672353915602216,-1.5531453264126935,0.717531522059146,-0.29109866872417606,1.0759832912803977,1.0510240179926051,1.0833702499886086,1.243142752913739,1.0064322443074045,1.351783253847523,UU
2010,-0.956992970112163,0.03592134651837429,0.5456249232715006,0.911120455984223,1.2574855507014764,0.3839879589285992,-0.358765761029573,0.3846660979569476,-0.9836342094017958,-0.9284918986152153,-0.9844293773046231,-0.8254362986454442,-1.0055489990834923,-1.117922612467666,UU
2006,0.7696068413141604,0.45101246184181065,0.5456249232715006,-4.0461876337626253e-16,-0.6979345640256992,-0.6839188522210877,1.2556801636035055,0.7901249579656208,1.0747534672808563,1.0807454638979543,1.0675565856097313,1.0472571281755692,1.1692788511756302,0.45654160747235645,UU
2014,-1.0848849865669357,0.7623307983343879,-0.24249996589844475,-0.728896364787379,-0.07220012731300314,1.0545340961621237,-1.076297283088719,-1.9129341087588694,-1.0341355149284164,-1.067667523142698,-1.0321180947059287,-1.064382794935663,-1.0244991255771199,-0.8718988681535073,UU
2012,-1.0397469417686716,-0.06785143231248478,0.6244374121884952,0.45556022799211127,1.3357023552905631,0.806183674964522,-0.8969144025739325,-0.15594571538795085,-1.0041403666080986,-0.9734830431944195,-1.002468668102506,-1.0243840606578056,-1.0071172409353868,-0.7599426265058633,UU
2008,-0.09378283164344359,-1.1055792206210755,1.333749812441446,1.1844565927794901,-0.4632841502584382,0.16047257985075775,0.717531522059146,0.5198190512931716,-0.2907678390318929,-0.3210890091039242,-0.2946776579510967,-0.3530035664233386,-0.2579606736101041,-0.46434378605295273,UU
2011,-0.6071526003972809,-0.06785143231248478,1.5701872791924294,2.0044650031652913,1.41391915987965,0.657173422245961,0.0,0.24951314462072113,-1.12068259815029,-0.7489578887420415,-1.1273049433843803,-0.6527447685458868,-0.9357845362567154,0.39095258398232074,BU
2005,0.862749900084816,0.7623307983343879,-1.4246872996533628,-0.18222409119684482,-1.1672353915602216,-1.1309496103767707,1.076297283088719,-0.02079276205172687,1.0528829800210115,1.2336320828608562,1.055942491023918,1.0535273008696617,0.3719686412718568,-1.1413542533072578,BU
2015,-0.9053793201363093,0.3472396830109515,-1.1094373439853846,-2.095577048763714,-0.6979345640256992,1.3525546015992456,0.1793828805147865,-1.1020163887415226,-0.8114130890261431,-0.8965414469851022,-0.8385902255549013,-1.1412505999081815,0.3993428155360449,1.3014453928608773,BU
2003,1.12947738753706,0.8661035771652469,-1.4246872996533628,-0.8200084103858013,-1.0108017823820474,-1.9256709582090958,0.0,-0.29109866872417606,1.4436641107667565,1.2432221909890762,1.5511556845075405,1.937585285614606,-1.3097353474868116,1.0563879464292674,BU
2007,2.0844454229939786,0.39912607242638104,0.46681243435450603,-4.0461876337626253e-16,-0.7761513686147866,-0.2120530519456447,1.435063044118292,-0.15594571538795207,1.1133035470656083,1.0986825726097076,0.9960181225841478,0.7104450042800323,2.231568789935355,-1.3754264927018545,BU
2013,-1.4207382016461974,0.2434669041800925,0.38799994543751143,0.27333613679526686,1.0228351369342148,0.9303588855633228,-1.076297283088719,-0.5614045753966254,-1.1631436654105756,-1.3161799301914263,-1.1259898310636685,-1.0773895605915291,-0.9637037252915085,1.0486815017064721,BU
2009,0.6503173685490197,-3.025375628991969,0.15156247868652795,-0.09111204559842241,1.0228351369342148,0.16047257985075775,-1.9732116856626516,2.547113351336538,0.3789697984769485,-0.04289159534200549,0.40077840128621794,-0.3037755765481031,0.32228681826575273,-0.43130078280201234,BU
2004,0.5640860837580213,0.39912607242638104,-1.4246872996533628,-0.9111204559842235,-1.1672353915602216,-1.5531453264126935,0.717531522059146,-0.29109866872417606,1.1413704678365884,1.0474436421276403,1.1697062277162373,1.2532087004915005,0.13573726477969036,-0.0024337994906895007,BU
2010,-0.5751863164375787,0.03592134651837429,0.5456249232715006,0.911120455984223,1.2574855507014764,0.3839879589285992,-0.358765761029573,0.3846660979569476,-1.0968785851506868,-1.012292451689544,-1.0800414119446522,-0.5556511997864462,-1.267717756943934,-0.810386810995725,BU
2006,0.3056604218285556,0.45101246184181065,0.5456249232715006,-4.0461876337626253e-16,-0.6979345640256992,-0.6839188522210877,1.2556801636035055,0.7901249579656208,0.9399321807081173,1.3229788753736598,0.8905525335704438,0.8471870235079276,1.301301026142532,-1.17531643757721,BU
2014,-0.9465294188571776,0.7623307983343879,-0.24249996589844475,-0.728896364787379,-0.07220012731300314,1.0545340961621237,-1.076297283088719,-1.9129341087588694,-0.8532160614527622,-0.953028564283708,-0.8702273844979382,-1.1397012978480203,0.19718045321327263,1.2091625302182627,BU
2012,-1.1688297950932298,-0.06785143231248478,0.6244374121884952,0.45556022799211127,1.3357023552905631,0.806183674964522,-0.8969144025739325,-0.15594571538795085,-1.0196267056841768,-0.9180271620468519,-0.9993642891993468,-0.8656070906924664,-0.7999702018000979,0.9783389094245114,BU
2008,0.027079067816320884,-1.1055792206210755,1.333749812441446,1.1844565927794901,-0.4632841502584382,0.16047257985075775,0.717531522059146,0.5198190512931716,-0.005162380000423025,-0.05804032468026096,-0.022635375043603165,-0.06583322084309723,0.3175257586345728,-1.0487502877469441,BU
2011,-0.6113700925144843,-0.06785143231248478,1.5701872791924294,2.0044650031652913,1.41391915987965,0.657173422245961,0.0,0.24951314462072113,-0.8967351329480693,-1.0173303183899198,-0.8856862313344477,-0.9443859598659595,-0.9584192154307112,0.40797086743683514,CR
2005,1.4801720365228896,0.7623307983343879,-1.4246872996533628,-0.18222409119684482,-1.1672353915602216,-1.1309496103767707,1.076297283088719,-0.02079276205172687,1.1306129554758613,0.7973836108451627,1.1343334459560597,1.2726343265378783,1.023365039280704,-0.8000286360935451,CR
2015,-1.27905433524283,0.3472396830109515,-1.1094373439853846,-2.095577048763714,-0.6979345640256992,1.3525546015992456,0.1793828805147865,-1.1020163887415226,-1.1558392438875924,-1.3402907666403743,-1.1529958486312746,-1.179455222585606,-1.0879866702744942,1.388918035702068,CR
2003,1.1149931019176758,0.8661035771652469,-1.4246872996533628,-0.8200084103858013,-1.0108017823820474,-1.9256709582090958,0.0,-0.29109866872417606,0.9434197438716948,1.5000317017046658,0.9688275923221006,1.2105761921592733,0.49771341578278716,-0.9500175444419924,CR
2007,0.8425690367566211,0.39912607242638104,0.46681243435450603,-4.0461876337626253e-16,-0.7761513686147866,-0.2120530519456447,1.435063044118292,-0.15594571538795207,1.0891073615094524,1.188478165736808,1.055723393769574,0.9800121942908921,1.3854944495751549,-0.922703674304943,CR
2013,-0.6422875341934198,0.2434669041800925,0.38799994543751143,0.27333613679526686,1.0228351369342148,0.9303588855633228,-1.076297283088719,-0.5614045753966254,-0.9486433493699095,-0.8137208556047804,-0.9562639197638692,-1.0493251543742401,-0.8733912624140914,0.7845981393458832,CR
2009,0.8557822506968721,-3.025375628991969,0.15156247868652795,-0.09111204559842241,1.0228351369342148,0.16047257985075775,-1.9732116856626516,2.547113351336538,1.007248594682543,0.7625491929314913,0.9974176039742312,0.3703679959435981,1.3165022022869937,0.8261683419664935,CR
2004,0.752346829512939,0.39912607242638104,-1.4246872996533628,-0.9111204559842235,-1.1672353915602216,-1.5531453264126935,0.717531522059146,-0.29109866872417606,1.0225503511318559,0.9156584358869463,1.0533450329934095,0.9222385206682837,0.8018002396388416,-1.007179407022047,CR
2010,-1.2231278721180157,0.03592134651837429,0.5456249232715006,0.911120455984223,1.2574855507014764,0.3839879589285992,-0.358765761029573,0.3846660979569476,-0.8190561592745965,-0.6798101276390046,-0.8104268419124236,-0.7174024358326123,-0.8703262925617525,-0.9681704570694136,CR
2006,1.0217750358034183,0.45101246184181065,0.5456249232715006,-4.0461876337626253e-16,-0.6979345640256992,-0.6839188522210877,1.2556801636035055,0.7901249579656208,1.1501370430129945,0.9653036431437273,1.1438898474406625,1.280691815779197,1.1645695605432314,-0.3461685765515234,CR
2014,-1.0712289442521652,0.7623307983343879,-0.24249996589844475,-0.728896364787379,-0.07220012731300314,1.0545340961621237,-1.076297283088719,-1.9129341087588694,-1.2132496329316271,-1.1763072641511647,-1.2164568730800087,-1.173390363249865,-1.1783303959670084,1.7654898958254583,CR
2012,-1.202598695474952,-0.06785143231248478,0.6244374121884952,0.45556022799211127,1.3357023552905631,0.806183674964522,-0.8969144025739325,-0.15594571538795085,-0.9881157896018674,-1.0000922733464497,-0.9786522501221451,-1.0239161043705294,-0.9956525739495979,0.912511289935135,CR
2008,-0.03797081741455605,-1.1055792206210755,1.333749812441446,1.1844565927794901,-0.4632841502584382,0.16047257985075775,0.717531522059146,0.5198190512931716,-0.32143674167075315,-0.10185314447710765,-0.3530549516118598,0.05135419489968712,-0.22533849651006238,-1.0913882747284143,CR
2011,-0.6534211572444169,-0.06785143231248478,1.5701872791924294,2.0044650031652913,1.41391915987965,0.657173422245961,0.0,0.24951314462072113,-1.036867608271264,-0.9175237209300815,-1.0395104052367279,-0.7658814532999615,-1.1204843174275898,-0.807190309311792,CU
2005,0.9761462984412763,0.7623307983343879,-1.4246872996533628,-0.18222409119684482,-1.1672353915602216,-1.1309496103767707,1.076297283088719,-0.02079276205172687,1.1124460730777053,1.2721645246979612,1.1172616595778904,1.069515121338172,1.0100109783263742,0.07382729078947092,CU
2015,-1.085488976385905,0.3472396830109515,-1.1094373439853846,-2.095577048763714,-0.6979345640256992,1.3525546015992456,0.1793828805147865,-1.1020163887415226,-0.9041550465607368,-1.0127032534556073,-0.9088177482720409,-1.0547192201475706,-0.7139337224867837,-0.21778724021475682,CU
2003,1.219162105720333,0.8661035771652469,-1.4246872996533628,-0.8200084103858013,-1.0108017823820474,-1.9256709582090958,0.0,-0.29109866872417606,1.2527984895168334,1.1136632810383007,1.3160402184571345,1.6120667276360365,0.490595161699781,2.4764661617095554,CU
2007,1.5803512831277087,0.39912607242638104,0.46681243435450603,-4.0461876337626253e-16,-0.7761513686147866,-0.2120530519456447,1.435063044118292,-0.15594571538795207,1.0396101795002997,1.175664786615759,0.9884305394838285,0.8430415974611085,1.4256647356364898,-0.17071940775143896,CU
2013,-1.2901485632708543,0.2434669041800925,0.38799994543751143,0.27333613679526686,1.0228351369342148,0.9303588855633228,-1.076297283088719,-0.5614045753966254,-1.0339333589284567,-1.197756299873637,-1.015034556276564,-1.1208726564632983,-1.063609652290235,-0.6502802686580795,CU
2009,0.9011623320871394,-3.025375628991969,0.15156247868652795,-0.09111204559842241,1.0228351369342148,0.16047257985075775,-1.9732116856626516,2.547113351336538,0.7684122942573625,0.6570479148631908,0.768290534168603,0.1609264033263542,0.9028639212428057,0.8937996419740406,CU
2004,0.735742536255425,0.39912607242638104,-1.4246872996533628,-0.9111204559842235,-1.1672353915602216,-1.5531453264126935,0.717531522059146,-0.29109866872417606,1.119653484437367,1.0519640889912447,1.1249214857141974,1.2963364783330882,1.0332187806445219,1.2900366388726239,CU
2010,-0.8692127770355517,0.03592134651837429,0.5456249232715006,0.911120455984223,1.2574855507014764,0.3839879589285992,-0.358765761029573,0.3846660979569476,-1.0652384261822005,-0.8943456452689931,-1.0653322228901096,-0.8203355680543163,-1.142707484529035,-1.6673145037685757,CU
2006,0.7062910707569862,0.45101246184181065,0.5456249232715006,-4.0461876337626253e-16,-0.6979345640256992,-0.6839188522210877,1.2556801636035055,0.7901249579656208,1.0247977399855666,0.9448268206716415,0.9956919839326341,1.0388141737119703,1.3197500361682581,-0.0820987955146665,CU
2014,-1.0846067940280744,0.7623307983343879,-0.24249996589844475,-0.728896364787379,-0.07220012731300314,1.0545340961621237,-1.076297283088719,-1.9129341087588694,-0.979281786443105,-1.158992783894898,-0.9828981925669059,-1.044660302826497,-0.8197584667507491,-0.2493030424073582,CU
2012,-0.994697250799621,-0.06785143231248478,0.6244374121884952,0.45556022799211127,1.3357023552905631,0.806183674964522,-0.8969144025739325,-0.15594571538795085,-1.049013302047129,-0.9343664733487423,-1.0457812208191821,-0.9972000717646546,-1.0698691926357289,-0.40461004202465745,CU
2008,-0.1412801076244507,-1.1055792206210755,1.333749812441446,1.1844565927794901,-0.4632841502584382,0.16047257985075775,0.717531522059146,0.5198190512931716,-0.2492287323422269,-0.09964324010612483,-0.2532620752727549,-0.2170312292504312,-0.2517407775980995,-0.4848261236943696,CU
2011,-0.5973627934792357,-0.06785143231248478,1.5701872791924294,2.0044650031652913,1.41391915987965,0.657173422245961,0.0,0.24951314462072113,-0.20112559820681325,-0.10438272643177135,-0.1778235190776681,-0.6206726887532142,0.07322122151873384,0.9014970427239928,all
2005,0.8242527802383514,0.7623307983343879,-1.4246872996533628,-0.18222409119684482,-1.1672353915602216,-1.1309496103767707,1.076297283088719,-0.02079276205172687,0.6300555140873805,0.2585498555278219,0.7216483007313619,1.1620639739959284,-0.48076567807202325,-1.2374023208189233,all
2015,-0.9589030123189514,0.3472396830109515,-1.1094373439853846,-2.095577048763714,-0.6979345640256992,1.3525546015992456,0.1793828805147865,-1.1020163887415226,0.21409977965700075,-0.37764851103364,-0.07954418898890593,-0.14504978094195725,1.8084936197968435,1.1962440905238683,all
2003,1.8754896030470374,0.8661035771652469,-1.4246872996533628,-0.8200084103858013,-1.0108017823820474,-1.9256709582090958,0.0,-0.29109866872417606,0.47088564411938194,1.3008348775826766,0.6865412150848523,0.7911937966574915,-1.2633158463084282,-0.8679181827937094,all
2007,1.042948856880558,0.39912607242638104,0.46681243435450603,-4.0461876337626253e-16,-0.7761513686147866,-0.2120530519456447,1.435063044118292,-0.15594571538795207,0.9513214297452716,0.7335008214378198,0.786941802786925,1.2212513201056474,0.9381970323065363,-0.8595149130452564,all
2013,-1.045249065538883,0.2434669041800925,0.38799994543751143,0.27333613679526686,1.0228351369342148,0.9303588855633228,-1.076297283088719,-0.5614045753966254,-0.26124332164300623,-0.016847385950887955,-0.3307700242406172,-0.7171970549568317,0.5480780260762179,0.3821432960420519,all
2009,0.243611901512831,-3.025375628991969,0.15156247868652795,-0.09111204559842241,1.0228351369342148,0.16047257985075775,-1.9732116856626516,2.547113351336538,0.26968707224247046,0.00540151897542285,0.36706381509851915,-0.45351092793678455,-0.01057768011880498,0.5773589062089354,all
2004,1.0023356182425593,0.39912607242638104,-1.4246872996533628,-0.9111204559842235,-1.1672353915602216,-1.5531453264126935,0.717531522059146,-0.29109866872417606,0.729446519739716,0.2052637943354734,0.8942930728562286,1.3490602924511608,-0.8325749350291634,-1.6104879357689779,all
2010,-0.4023230832409293,0.03592134651837429,0.5456249232715006,0.911120455984223,1.2574855507014764,0.3839879589285992,-0.358765761029573,0.3846660979569476,-0.09893689869341166,0.3120526526431317,-0.04719242013406308,-0.2542679530585352,-0.1860178004259008,0.6076121966414588,all
2006,1.0339098065549928,0.45101246184181065,0.5456249232715006,-4.0461876337626253e-16,-0.6979345640256992,-0.6839188522210877,1.2556801636035055,0.7901249579656208,0.8568622704568283,0.9868735361332462,0.8509867693504336,1.1107750308088733,0.1410018297073284,0.9072877972052199,all
2014,-0.909369873238763,0.7623307983343879,-0.24249996589844475,-0.728896364787379,-0.07220012731300314,1.0545340961621237,-1.076297283088719,-1.9129341087588694,-0.09214229775145848,-0.4158481612719854,-0.2815757144432488,-0.5771150580092875,1.2178052053682307,0.902185418794403,all
2012,-1.0597368371109492,-0.06785143231248478,0.6244374121884952,0.45556022799211127,1.3357023552905631,0.806183674964522,-0.8969144025739325,-0.15594571538795085,-0.3295062486641815,0.15193500416383146,-0.3254151587200854,-0.7829392346927485,0.15841209806471723,0.6110714369521972,all
2008,-1.0496039015486291,-1.1055792206210755,1.333749812441446,1.1844565927794901,-0.4632841502584382,0.16047257985075775,0.717531522059146,0.5198190512931716,-3.1394038650892333,-3.039685276111142,-3.0651539503037446,-2.0835917156697583,-2.1119570928842633,-1.5100768326652572,all
2005,-0.6135869941219507,0.7175608803587863,-0.5773502691896257,0.7518094115561127,-0.816496580927726,0.414736595358575,0.6527533657682196,-0.15249857033260472,-0.2684262153396473,-0.4790592603763343,-0.5964424175354854,0.9613867976993002,0.7627108157754855,-1.3397876906064712,Pu
2003,1.634801711611631,1.2394233388015394,-0.5773502691896257,-0.8674723979493604,0.0,-1.2977241854768313,-1.5852581740085334,-0.7624928516630234,0.10115765385203325,1.6388869433927225,0.6997224898360024,-1.677948386046605,-1.5493632266649997,0.7092993656151906,Pu
2004,-0.04719899954784237,-1.1089577241908526,-0.5773502691896257,-1.0987983707358562,-0.816496580927726,-0.49500819446023464,-0.09325048082403138,-0.7624928516630234,1.4807250276451167,-0.12606822641482482,1.2032128423010227,0.40008022016057837,-0.20179344453252754,-0.5516772843673704,Pu
2006,-0.9740157179418379,-0.8480264949694754,1.7320508075688772,1.2144613571291043,1.632993161855452,1.3779957845784911,1.025755289064345,1.6774842736586515,-1.3134564661575026,-1.0337594566015633,-1.3064929146015396,0.3164813681867262,0.9884458554220417,1.182165609358651,Pu
